prediction_id,user_id_hash,prediction_date,prediction_timestamp,burnout_risk_score,risk_level,confidence_interval,contributing_factors,prediction_horizon_days,model_version,model_type
d429d9a98d65f6c3,02de9400d3973a7cb90b367577dce96d33accefedf743df86da5837742fb2549,2025-10-07,2025-10-07T22:34:33.039209,1.0,critical,"{'lower_bound': np.float64(0.9), 'upper_bound': 1}","[{'factor_name': 'sentiment_volatility', 'importance_score': 0.0}, {'factor_name': 'sentiment_score', 'importance_score': 0.0}]",7,ensemble_v1.0,ensemble
d720f397e630b677,041dde01b77062373029df6e4dd6652c26d66ede65ad52dc0bf65894c215b0d2,2025-10-07,2025-10-07T22:34:33.039327,1.0,critical,"{'lower_bound': np.float64(0.9), 'upper_bound': 1}","[{'factor_name': 'sentiment_volatility', 'importance_score': 0.0}, {'factor_name': 'sentiment_score', 'importance_score': 0.0}]",7,ensemble_v1.0,ensemble
2e641423a83681c0,07d1cd3f834be181ee89efd660c4d584fd9288229ec09ae906c48306238326ff,2025-10-07,2025-10-07T22:34:33.039423,1.0,critical,"{'lower_bound': np.float64(0.9), 'upper_bound': 1}","[{'factor_name': 'sentiment_volatility', 'importance_score': 0.0}, {'factor_name': 'sentiment_score', 'importance_score': 0.0}]",7,ensemble_v1.0,ensemble
a9130a0417eb40ed,0addd785530bd754f6742a7893f6743c3de4db25e11197035fe53b18f63fcb21,2025-10-07,2025-10-07T22:34:33.039519,1.0,critical,"{'lower_bound': np.float64(0.9), 'upper_bound': 1}","[{'factor_name': 'sentiment_volatility', 'importance_score': 0.0}, {'factor_name': 'sentiment_score', 'importance_score': 0.0}]",7,ensemble_v1.0,ensemble
44aa77dc6aad09a5,0eef88d7e9202d2e2c5116874e8c10d2bc157c947adc68580508e1c3f507523e,2025-10-07,2025-10-07T22:34:33.039601,1.0,critical,"{'lower_bound': np.float64(0.9), 'upper_bound': 1}","[{'factor_name': 'sentiment_volatility', 'importance_score': 0.0}, {'factor_name': 'sentiment_score', 'importance_score': 0.0}]",7,ensemble_v1.0,ensemble
0ec7cb14ca9faa52,1545c09c7f8569938db2eb42b38a6b83c49a0b5cb3ba6870701d5febca265813,2025-10-07,2025-10-07T22:34:33.039688,1.0,critical,"{'lower_bound': np.float64(0.9), 'upper_bound': 1}","[{'factor_name': 'sentiment_volatility', 'importance_score': 0.0}, {'factor_name': 'sentiment_score', 'importance_score': 0.0}]",7,ensemble_v1.0,ensemble
8fe5a39127da6468,1756fecfa202f0eb1249752c5b6386d2bdc75b307354e3050920a47ef5cdcca6,2025-10-07,2025-10-07T22:34:33.039770,1.0,critical,"{'lower_bound': np.float64(0.9), 'upper_bound': 1}","[{'factor_name': 'sentiment_volatility', 'importance_score': 0.0}, {'factor_name': 'sentiment_score', 'importance_score': 0.0}]",7,ensemble_v1.0,ensemble
d7d4c449939d950a,18743ed46703c1a91b3a6d668c965a7971b2d3431b23082aa270beaa21fd8bc6,2025-10-07,2025-10-07T22:34:33.039858,1.0,critical,"{'lower_bound': np.float64(0.9), 'upper_bound': 1}","[{'factor_name': 'sentiment_volatility', 'importance_score': 0.0}, {'factor_name': 'sentiment_score', 'importance_score': 0.0}]",7,ensemble_v1.0,ensemble
6f3ab1fe7a3da40c,1e8fd0b4cdf84dc389f158893000639749e9292fec659dc7f886c8a602f085d2,2025-10-07,2025-10-07T22:34:33.039941,1.0,critical,"{'lower_bound': np.float64(0.9), 'upper_bound': 1}","[{'factor_name': 'sentiment_volatility', 'importance_score': 0.0}, {'factor_name': 'sentiment_score', 'importance_score': 0.0}]",7,ensemble_v1.0,ensemble
528f38382f84dfce,2263cb702f133c78ca16c02d1a10373a4a1be50c07b1b65b943b6b6e1a7fabbf,2025-10-07,2025-10-07T22:34:33.040023,1.0,critical,"{'lower_bound': np.float64(0.9), 'upper_bound': 1}","[{'factor_name': 'sentiment_volatility', 'importance_score': 0.0}, {'factor_name': 'sentiment_score', 'importance_score': 0.0}]",7,ensemble_v1.0,ensemble
107a045849048dbf,279ac485b57745d2e7aba7e33b2af830c94a16e1f5014cc266963a68ffb58140,2025-10-07,2025-10-07T22:34:33.040104,1.0,critical,"{'lower_bound': np.float64(0.9), 'upper_bound': 1}","[{'factor_name': 'sentiment_volatility', 'importance_score': 0.0}, {'factor_name': 'sentiment_score', 'importance_score': 0.0}]",7,ensemble_v1.0,ensemble
7d7c2adb93668268,2b999724ee3f5708e5f4d369595c33847aef2c729adfd02341591211f8b28c28,2025-10-07,2025-10-07T22:34:33.040185,1.0,critical,"{'lower_bound': np.float64(0.9), 'upper_bound': 1}","[{'factor_name': 'sentiment_volatility', 'importance_score': 0.0}, {'factor_name': 'sentiment_score', 'importance_score': 0.0}]",7,ensemble_v1.0,ensemble
f6bf95dc89bbec7e,313ce0557ee03a5ea240f0911c9adb1fa13536a6a6bd11ec77d1f9d871baff56,2025-10-07,2025-10-07T22:34:33.040268,1.0,critical,"{'lower_bound': np.float64(0.9), 'upper_bound': 1}","[{'factor_name': 'sentiment_volatility', 'importance_score': 0.0}, {'factor_name': 'sentiment_score', 'importance_score': 0.0}]",7,ensemble_v1.0,ensemble
dd6286facb0d8d88,316318127caa71c1fa482202c7f24a2961c2737caee0d69f973892ab78d6d3bb,2025-10-07,2025-10-07T22:34:33.040345,1.0,critical,"{'lower_bound': np.float64(0.9), 'upper_bound': 1}","[{'factor_name': 'sentiment_volatility', 'importance_score': 0.0}, {'factor_name': 'sentiment_score', 'importance_score': 0.0}]",7,ensemble_v1.0,ensemble
85584ede4a410f53,36f51650554f18b2f85bf664659051a761d12d11785b6642afe031afde80a1d7,2025-10-07,2025-10-07T22:34:33.040436,1.0,critical,"{'lower_bound': np.float64(0.9), 'upper_bound': 1}","[{'factor_name': 'sentiment_volatility', 'importance_score': 0.0}, {'factor_name': 'sentiment_score', 'importance_score': 0.0}]",7,ensemble_v1.0,ensemble
c8f264aea7cb0d5d,3e70bc0f82cec75bb4124987541c4a26b4818ee507a7c9907b6979bd28a09e44,2025-10-07,2025-10-07T22:34:33.040519,1.0,critical,"{'lower_bound': np.float64(0.9), 'upper_bound': 1}","[{'factor_name': 'sentiment_volatility', 'importance_score': 0.0}, {'factor_name': 'sentiment_score', 'importance_score': 0.0}]",7,ensemble_v1.0,ensemble
59d54fb3e5efe332,46c1fafb5e7e8bdd35db262ecdf42956a4e01a1a16d07ef6d521346ee946166a,2025-10-07,2025-10-07T22:34:33.040600,1.0,critical,"{'lower_bound': np.float64(0.9), 'upper_bound': 1}","[{'factor_name': 'sentiment_volatility', 'importance_score': 0.0}, {'factor_name': 'sentiment_score', 'importance_score': 0.0}]",7,ensemble_v1.0,ensemble
5a08162b55be25b1,4e68080fa36fa9eea3a8bc7413f23bbf0a28b18d0d899217da3225f9cf4ae376,2025-10-07,2025-10-07T22:34:33.040677,1.0,critical,"{'lower_bound': np.float64(0.9), 'upper_bound': 1}","[{'factor_name': 'sentiment_volatility', 'importance_score': 0.0}, {'factor_name': 'sentiment_score', 'importance_score': 0.0}]",7,ensemble_v1.0,ensemble
9b299b847f62e4aa,51694e6d3e79a736434de2ec500193d27807f3d5a61188b2601a29d2a78186ed,2025-10-07,2025-10-07T22:34:33.040760,1.0,critical,"{'lower_bound': np.float64(0.9), 'upper_bound': 1}","[{'factor_name': 'sentiment_volatility', 'importance_score': 0.0}, {'factor_name': 'sentiment_score', 'importance_score': 0.0}]",7,ensemble_v1.0,ensemble
897a41341344ede3,5575d1b3512d9f52d57f034d7948cb1fd179726f2f5d1ab9388c2a8f3d18ae76,2025-10-07,2025-10-07T22:34:33.040845,1.0,critical,"{'lower_bound': np.float64(0.9), 'upper_bound': 1}","[{'factor_name': 'sentiment_volatility', 'importance_score': 0.0}, {'factor_name': 'sentiment_score', 'importance_score': 0.0}]",7,ensemble_v1.0,ensemble
1bf843a8b71e2aab,573baabb5ca42a23f3a118d027eadd8dc9bed70e40708a1b1ed9410b00feed0e,2025-10-07,2025-10-07T22:34:33.040927,1.0,critical,"{'lower_bound': np.float64(0.9), 'upper_bound': 1}","[{'factor_name': 'sentiment_volatility', 'importance_score': 0.0}, {'factor_name': 'sentiment_score', 'importance_score': 0.0}]",7,ensemble_v1.0,ensemble
07161dc58950520b,639a1e301c1c5620d03d23e2dc3bb122c34ba1ea3c85eaf109485f94e760693c,2025-10-07,2025-10-07T22:34:33.041004,1.0,critical,"{'lower_bound': np.float64(0.9), 'upper_bound': 1}","[{'factor_name': 'sentiment_volatility', 'importance_score': 0.0}, {'factor_name': 'sentiment_score', 'importance_score': 0.0}]",7,ensemble_v1.0,ensemble
9354b82b20c3fcc5,6b902cece245553e51d0b3c0ccec459cbad0e97a9ad934e603c0b5a5814f0714,2025-10-07,2025-10-07T22:34:33.041087,1.0,critical,"{'lower_bound': np.float64(0.9), 'upper_bound': 1}","[{'factor_name': 'sentiment_volatility', 'importance_score': 0.0}, {'factor_name': 'sentiment_score', 'importance_score': 0.0}]",7,ensemble_v1.0,ensemble
58adbf5853c9588b,6ba1c8aa0253c7268f87ab618b89086cd40aa9e9335ca52b0ccc65de71211991,2025-10-07,2025-10-07T22:34:33.041168,1.0,critical,"{'lower_bound': np.float64(0.9), 'upper_bound': 1}","[{'factor_name': 'sentiment_volatility', 'importance_score': 0.0}, {'factor_name': 'sentiment_score', 'importance_score': 0.0}]",7,ensemble_v1.0,ensemble
2c3a52a0c37d912b,75995947755fa76d56886efd30cb1c5f3e8e60145161dcb2ec0d33e4410c25cf,2025-10-07,2025-10-07T22:34:33.041244,1.0,critical,"{'lower_bound': np.float64(0.9), 'upper_bound': 1}","[{'factor_name': 'sentiment_volatility', 'importance_score': 0.0}, {'factor_name': 'sentiment_score', 'importance_score': 0.0}]",7,ensemble_v1.0,ensemble
48643f0cb7276205,79b0aa0042b3c05617c378046a6553ec2cd81e9995959a6012f9b497a18ec82b,2025-10-07,2025-10-07T22:34:33.041326,1.0,critical,"{'lower_bound': np.float64(0.9), 'upper_bound': 1}","[{'factor_name': 'sentiment_volatility', 'importance_score': 0.0}, {'factor_name': 'sentiment_score', 'importance_score': 0.0}]",7,ensemble_v1.0,ensemble
c470f92df94d6281,86dcb774b7b2e89618392047420d5aca889dd90a8e44d670de0d071474eded07,2025-10-07,2025-10-07T22:34:33.041406,1.0,critical,"{'lower_bound': np.float64(0.9), 'upper_bound': 1}","[{'factor_name': 'sentiment_volatility', 'importance_score': 0.0}, {'factor_name': 'sentiment_score', 'importance_score': 0.0}]",7,ensemble_v1.0,ensemble
43b8e3cc251cb674,88fbcd1c780ac5dd63988e11b6becc98080625035ba14647f93a834e5385fd64,2025-10-07,2025-10-07T22:34:33.041487,1.0,critical,"{'lower_bound': np.float64(0.9), 'upper_bound': 1}","[{'factor_name': 'sentiment_volatility', 'importance_score': 0.0}, {'factor_name': 'sentiment_score', 'importance_score': 0.0}]",7,ensemble_v1.0,ensemble
f6cf2c921d97b0c6,90b6d3509ad349cc0dc93812e48e1755336625d299d4713e8cec3c602023fc45,2025-10-07,2025-10-07T22:34:33.041569,1.0,critical,"{'lower_bound': np.float64(0.9), 'upper_bound': 1}","[{'factor_name': 'sentiment_volatility', 'importance_score': 0.0}, {'factor_name': 'sentiment_score', 'importance_score': 0.0}]",7,ensemble_v1.0,ensemble
0915b5fe74ffb21f,95ae1e0c0f831c370199687c19db69a44d6f1d9986412a2422c0cf450048d3c7,2025-10-07,2025-10-07T22:34:33.041643,1.0,critical,"{'lower_bound': np.float64(0.9), 'upper_bound': 1}","[{'factor_name': 'sentiment_volatility', 'importance_score': 0.0}, {'factor_name': 'sentiment_score', 'importance_score': 0.0}]",7,ensemble_v1.0,ensemble
e8e45a8d81b2bfcf,97f73cb38ad218abb60e933c5cf5460c2cabb2d9ec0722d3a457c3fd1d23544f,2025-10-07,2025-10-07T22:34:33.041721,1.0,critical,"{'lower_bound': np.float64(0.9), 'upper_bound': 1}","[{'factor_name': 'sentiment_volatility', 'importance_score': 0.0}, {'factor_name': 'sentiment_score', 'importance_score': 0.0}]",7,ensemble_v1.0,ensemble
3f6111c7fef1f855,a8f5206313287ac51f63be6ac16d2badd9d2d71b781af7d0ddfa9e7f05df0a1b,2025-10-07,2025-10-07T22:34:33.041963,1.0,critical,"{'lower_bound': np.float64(0.9), 'upper_bound': 1}","[{'factor_name': 'sentiment_volatility', 'importance_score': 0.0}, {'factor_name': 'sentiment_score', 'importance_score': 0.0}]",7,ensemble_v1.0,ensemble
4def3db503b15b1b,aeea3b4f2ceeecfb103e26fd56fda62263e193b0f6be0cb1518c89df5addfe6f,2025-10-07,2025-10-07T22:34:33.042034,1.0,critical,"{'lower_bound': np.float64(0.9), 'upper_bound': 1}","[{'factor_name': 'sentiment_volatility', 'importance_score': 0.0}, {'factor_name': 'sentiment_score', 'importance_score': 0.0}]",7,ensemble_v1.0,ensemble
9a614b66667fcd08,afa2dc6e90630b97eaa4cfc703f24d7ece8530c499e865d4746715e035357df9,2025-10-07,2025-10-07T22:34:33.042105,1.0,critical,"{'lower_bound': np.float64(0.9), 'upper_bound': 1}","[{'factor_name': 'sentiment_volatility', 'importance_score': 0.0}, {'factor_name': 'sentiment_score', 'importance_score': 0.0}]",7,ensemble_v1.0,ensemble
1cf06deb9893ecfa,b023832dc4eee493538d6e1ce1a3063eabbed1e8624077b198fc7c3d51ada549,2025-10-07,2025-10-07T22:34:33.042174,1.0,critical,"{'lower_bound': np.float64(0.9), 'upper_bound': 1}","[{'factor_name': 'sentiment_volatility', 'importance_score': 0.0}, {'factor_name': 'sentiment_score', 'importance_score': 0.0}]",7,ensemble_v1.0,ensemble
2c1b8cc685c5de83,b4a820ab3ff66211639252135dc611266d93d3f363fd9e0113ecca8f07803f31,2025-10-07,2025-10-07T22:34:33.042248,1.0,critical,"{'lower_bound': np.float64(0.9), 'upper_bound': 1}","[{'factor_name': 'sentiment_volatility', 'importance_score': 0.0}, {'factor_name': 'sentiment_score', 'importance_score': 0.0}]",7,ensemble_v1.0,ensemble
c46411c7596a3380,be74996ebc29dcb0765e255d1606aa74a45fea7c6af481dcb73505f6237d300d,2025-10-07,2025-10-07T22:34:33.042337,1.0,critical,"{'lower_bound': np.float64(0.9), 'upper_bound': 1}","[{'factor_name': 'sentiment_volatility', 'importance_score': 0.0}, {'factor_name': 'sentiment_score', 'importance_score': 0.0}]",7,ensemble_v1.0,ensemble
6b97223f2739d4aa,c403b3c645114006c4a2b5b12bb8800e9bc3cb41b1e3980aceea9dd277936230,2025-10-07,2025-10-07T22:34:33.042417,1.0,critical,"{'lower_bound': np.float64(0.9), 'upper_bound': 1}","[{'factor_name': 'sentiment_volatility', 'importance_score': 0.0}, {'factor_name': 'sentiment_score', 'importance_score': 0.0}]",7,ensemble_v1.0,ensemble
1f15e7b8800da0ba,c650537eac62a7ea9a2aa4ab9e73cbf847c823d05377ffc82a1702d764002b70,2025-10-07,2025-10-07T22:34:33.042605,1.0,critical,"{'lower_bound': np.float64(0.9), 'upper_bound': 1}","[{'factor_name': 'sentiment_volatility', 'importance_score': 0.0}, {'factor_name': 'sentiment_score', 'importance_score': 0.0}]",7,ensemble_v1.0,ensemble
fe5a76a611ede2a8,ce46e94dd877a19c5b6a8c513f86e800000893bcb14f90dccd3fdb932b6b5af0,2025-10-07,2025-10-07T22:34:33.042714,1.0,critical,"{'lower_bound': np.float64(0.9), 'upper_bound': 1}","[{'factor_name': 'sentiment_volatility', 'importance_score': 0.0}, {'factor_name': 'sentiment_score', 'importance_score': 0.0}]",7,ensemble_v1.0,ensemble
da2d4eb64f21d90a,d39f33d09bf080259380f4ec38f7610ba03db7c453b13e11477ec90ef53d7bcd,2025-10-07,2025-10-07T22:34:33.042810,1.0,critical,"{'lower_bound': np.float64(0.9), 'upper_bound': 1}","[{'factor_name': 'sentiment_volatility', 'importance_score': 0.0}, {'factor_name': 'sentiment_score', 'importance_score': 0.0}]",7,ensemble_v1.0,ensemble
f2896d959f2aa574,d92c7d4dac2c0610ea84d051aa1d01b676e99bc6829ed817d5ac81e99f1f5b0f,2025-10-07,2025-10-07T22:34:33.042895,1.0,critical,"{'lower_bound': np.float64(0.9), 'upper_bound': 1}","[{'factor_name': 'sentiment_volatility', 'importance_score': 0.0}, {'factor_name': 'sentiment_score', 'importance_score': 0.0}]",7,ensemble_v1.0,ensemble
56861c798f5cd693,dc7e6e6c7c117049fe79174a64e7eadbf2b648fef5cc6a1280388063894fe69e,2025-10-07,2025-10-07T22:34:33.042983,1.0,critical,"{'lower_bound': np.float64(0.9), 'upper_bound': 1}","[{'factor_name': 'sentiment_volatility', 'importance_score': 0.0}, {'factor_name': 'sentiment_score', 'importance_score': 0.0}]",7,ensemble_v1.0,ensemble
b09fd6c271251c4c,de62fa62b260f071ede290e1cb31d0c18d192276ec518de2fcde14e0ca5a5517,2025-10-07,2025-10-07T22:34:33.043062,1.0,critical,"{'lower_bound': np.float64(0.9), 'upper_bound': 1}","[{'factor_name': 'sentiment_volatility', 'importance_score': 0.0}, {'factor_name': 'sentiment_score', 'importance_score': 0.0}]",7,ensemble_v1.0,ensemble
b0683bc4aae5a25f,e9bd6b8ee6bdf8e6158abb3bc6e474dd9de94ea893ea3c36ed8c7d2efa1fb604,2025-10-07,2025-10-07T22:34:33.043144,1.0,critical,"{'lower_bound': np.float64(0.9), 'upper_bound': 1}","[{'factor_name': 'sentiment_volatility', 'importance_score': 0.0}, {'factor_name': 'sentiment_score', 'importance_score': 0.0}]",7,ensemble_v1.0,ensemble
19657f831ef81566,ece90885916cc1babb335bb6665fb741f06efec9e9fe64d535a23a429bfc7d6a,2025-10-07,2025-10-07T22:34:33.043228,1.0,critical,"{'lower_bound': np.float64(0.9), 'upper_bound': 1}","[{'factor_name': 'sentiment_volatility', 'importance_score': 0.0}, {'factor_name': 'sentiment_score', 'importance_score': 0.0}]",7,ensemble_v1.0,ensemble
b11e9fc282ebb5a8,ee5f7b1f1f73b63e7c197be699f6dbb09b7bbb11c84a31c6dde031f26a915c6f,2025-10-07,2025-10-07T22:34:33.043308,1.0,critical,"{'lower_bound': np.float64(0.9), 'upper_bound': 1}","[{'factor_name': 'sentiment_volatility', 'importance_score': 0.0}, {'factor_name': 'sentiment_score', 'importance_score': 0.0}]",7,ensemble_v1.0,ensemble
a89c52adeaa2bf49,eed63b15ad4ce05258b7e5b4a2eba61f8881f1f379611ecc5a4175b555f963b6,2025-10-07,2025-10-07T22:34:33.043392,1.0,critical,"{'lower_bound': np.float64(0.9), 'upper_bound': 1}","[{'factor_name': 'sentiment_volatility', 'importance_score': 0.0}, {'factor_name': 'sentiment_score', 'importance_score': 0.0}]",7,ensemble_v1.0,ensemble
0c4d7579fbe4edfa,ef620c87c44356380e9064166a45ff25ef79994e34d544addac41e1708376212,2025-10-07,2025-10-07T22:34:33.043470,1.0,critical,"{'lower_bound': np.float64(0.9), 'upper_bound': 1}","[{'factor_name': 'sentiment_volatility', 'importance_score': 0.0}, {'factor_name': 'sentiment_score', 'importance_score': 0.0}]",7,ensemble_v1.0,ensemble
d30cafc843441884,f020f42719e61f4ea3f9543067b0361fd76aac1f8414e17b19ca4d26d1246f5e,2025-10-07,2025-10-07T22:34:33.043551,1.0,critical,"{'lower_bound': np.float64(0.9), 'upper_bound': 1}","[{'factor_name': 'sentiment_volatility', 'importance_score': 0.0}, {'factor_name': 'sentiment_score', 'importance_score': 0.0}]",7,ensemble_v1.0,ensemble
